"Key","Session","Timestamp","Type","Matched","Line"
"msg:msg_011Cdbq4zJM3fZ2ZNPEzUs5X","0940cbdb-5733-475c-9445-fcbe60cee446.jsonl","08/01/2026 09:57:11","assistant","over to you","## Verification — over to you"
"msg:msg_011CdSi4LBJEdU5fonToqvqw","303c598f-259b-44b4-bc4c-8bc6df638b8c.jsonl","07/27/2026 14:20:07","assistant","run it yourself","Once that's clean, I can create the PR from here (title/body already drafted) — just tell me it's done. Or you run it yourself:"
"msg:msg_011CdmPY5Jz2XVW4uaSnjB6w","4810c39a-0bbf-4ce5-8a49-7f6567438fa7.jsonl","08/06/2026 11:08:17","assistant","blocked by the guard","The file is written but not committed. Committing from main is blocked by the guard, so it needs a worktree. Two ways:"
"msg:msg_011Cda8RQmHMi1yHQuML7EBa","7694f154-9739-4c3b-b5ac-f60f1ac93baf.jsonl","07/31/2026 12:23:43","assistant","i cannot run","I have not verified that end to end — I cannot run it without hitting the guard myself. If it fails, the guaranteed paths are a separate terminal outside this session, or restarting the session with `AHKFLOW_ALLOW_MAIN=1` already set."
"msg:msg_011CdKHAvU3BBztpuHrADF8Q","a1fc5113-bdf4-4f5d-9326-0cf9a0188fd0.jsonl","07/23/2026 16:09:21","assistant","run it yourself","All three applied. Commit command (main checkout — agent git mutations blocked, run it yourself):"
"msg:msg_011CdkDHYZyqirJ3CENwjEsv","a9ff7000-54fc-4479-8e59-bad3790e661f.jsonl","08/05/2026 20:13:20","assistant","run it yourself","**Run it yourself:**"
"msg:msg_011Cdmii2Rqdr7QdAoTBsyzk","acec1697-a2c2-4e91-995a-776b8cb2e6d5.jsonl","08/06/2026 15:19:51","assistant","run it yourself","**B.** Run it yourself in PowerShell:"
"msg:msg_011CdvoY29omrR5vcenwg2xj","86ce271a-b645-4206-aa09-4cd71758cdd3.jsonl","08/11/2026 10:28:41","assistant","the guard refuses","1. **The spec's spine table still carries the old Review exit string.** `docs/superpowers/specs/2026-08-10-development-process-design-071.md:71` needs the same edit, and the guard refuses my write:"
"msg:msg_011Cdw6mb2aMPcMR7AnvMdtb","86ce271a-b645-4206-aa09-4cd71758cdd3.jsonl","08/11/2026 14:14:24","assistant","i cannot reach","All five private-plan claims verified verbatim — including `plan:900` ""Ship's success is the only Ship transition that never pushes"". The Critical is real and I cannot reach it."
"msg:msg_011Cdw8zFEJQ4XemN5ToKNjZ","86ce271a-b645-4206-aa09-4cd71758cdd3.jsonl","08/11/2026 14:43:35","assistant","i cannot reach","**23 confirmed, 0 pushed back. 16 fixed here, 7 I cannot reach.**"
"msg:msg_011CdwES58tPhr77JXhbXCa4","86ce271a-b645-4206-aa09-4cd71758cdd3.jsonl","08/11/2026 15:54:58","assistant","the guard refuses","I cannot fix it from here: writing into that worktree, or running `git -C` against it, is a sibling-worktree write and the guard refuses it. Run this **in the 076 worktree**:"
"msg:msg_011CdxF36kMeKM6pj7gwZykL","86ce271a-b645-4206-aa09-4cd71758cdd3.jsonl","08/12/2026 04:43:36","assistant","run it yourself","**7. Gate state, honestly:** green on a clean machine, but only after `dotnet build-server shutdown`. If you run it yourself and see a coverage-threshold error, check for held DLLs before believing the number — that is finding 082, live."
"msg:msg_011CdxZGgte16gnHzhvhN2vn","86ce271a-b645-4206-aa09-4cd71758cdd3.jsonl","08/12/2026 08:42:24","assistant","the guard refuses","The guard refuses variable write targets. Using the Write tool for the drift fixture instead."
"msg:msg_011Cdwav5Q8ENPVdpb8hQdcy","a5bb315e-942f-4b05-b5a8-fc7ea0f72a95.jsonl","08/11/2026 20:23:37","assistant","so a handover","All five findings CONFIRMED and fixed. The plan needs re-committing — plans repo, so a handover again."
"msg:msg_011CdmgivGo8nyrjGQuNnANu","438bdba1-b478-4a66-a6be-ad4c124f0fd5.jsonl","08/06/2026 14:54:05","assistant","the guard refuses","You're right, and the mistake is mine. I told you the plan *needs* updating, then handed you commands as if the edit already existed. I never made that edit — this session runs in a worktree, and the guard refuses writes to `docs/superpowers`, so the file is byte-for-byte unchanged. ""nothing to commit"" is the correct answer to what I gave you."
